{"cameraMode":{"drawMode":0,"name":"Shaded","section":"Shading Mode"},"sceneLighting":false,"audioPlay":false,"sceneViewState":{"m_AlwaysRefresh":false,"showFog":true,"showSkybox":false,"showFlares":true,"showImageEffects":true,"showParticleSystems":true,"showVisualEffectGraphs":true,"m_FxEnabled":true},"in2DMode":false,"pivot":{"x":6.984919309616089e-9,"y":0.0006197579205036163,"z":-0.020003139972686769},"rotation":{"x":-0.0866566151380539,"y":0.11094239354133606,"z":-0.009710519574582577,"w":-0.9899969100952148},"size":0.2936909794807434,"orthographic":false}