{"cameraMode":{"drawMode":0,"name":"Shaded","section":"Shading Mode"},"sceneLighting":true,"audioPlay":false,"sceneViewState":{"m_AlwaysRefresh":false,"showFog":true,"showSkybox":true,"showFlares":true,"showImageEffects":true,"showParticleSystems":true,"showVisualEffectGraphs":true,"m_FxEnabled":true},"in2DMode":false,"pivot":{"x":44.95885467529297,"y":25.561939239501954,"z":109.38570404052735},"rotation":{"x":-0.0007003234350122511,"y":-0.9972004294395447,"z":0.009283186867833138,"w":-0.07432233542203903},"size":1.1533457040786744,"orthographic":false}