{"cameraMode":{"drawMode":0,"name":"Shaded","section":"Shading Mode"},"sceneLighting":true,"audioPlay":false,"sceneViewState":{"m_AlwaysRefresh":false,"showFog":true,"showSkybox":true,"showFlares":true,"showImageEffects":true,"showParticleSystems":true,"showVisualEffectGraphs":true,"m_FxEnabled":true},"in2DMode":false,"pivot":{"x":45.28518295288086,"y":19.328758239746095,"z":111.56184387207031},"rotation":{"x":0.005080843344330788,"y":-0.9882962703704834,"z":-0.03380446881055832,"w":-0.1487540304660797},"size":0.859070897102356,"orthographic":false}